Country,Avg_Recovery,Avg_Healthcare_Access
Australia,74.492636878665948,74.880671030769008
Canada,74.512060502055078,74.899341301832067
Turkey,74.457857758360234,74.9083874070669
Italy,74.565338991553432,74.9322558638825
South Korea,74.455838066201011,74.933037603874141
Saudi Arabia,74.6043490532055,74.933178269746918
Mexico,74.509848242812254,74.938197883386025
USA,74.506539578867034,74.958264179672412
UK,74.465986633416549,74.966663341645358
Argentina,74.5291208482258,74.971807903932159